Model,MAE,RMSE,R_squared
Revised Model,4.410654892468743,5.447371716337694,0.03474538463027066
Expanded Model,4.355160440860835,5.346294136855792,0.07023421336441871
